key,value
# 秒：下から斜め前下に入れる受付時間
SlideDirectionWindowSeconds,0.9
# 秒：斜め入力後にジャンプを押す受付時間
SlideButtonWindowSeconds,0.6
# 入力の判定しきい値（Input Systemのデッドゾーン処理後）
CommandDirectionThreshold,0.35
# Unity単位/秒
SlideSpeed,8
SlideMinSeconds,0.12
SlideMaxSeconds,0.4
SlideCooldownSeconds,0.55
SlideDamage,12
# ダッシュ必殺技：威力、速度、移動時間、攻撃時間、再使用待ち、命中までの時間
DashSpecialDamage,40
DashSpecialSpeed,10
DashSpecialMovementSeconds,0.25
DashSpecialAttackSeconds,0.4
DashSpecialCooldownSeconds,0.75
DashSpecialHitDelaySeconds,0.1
# 対空必殺技：下→上の受付と上→攻撃の受付、威力、攻撃時間、再使用待ち、命中時刻、リーチ
UppercutDirectionWindowSeconds,0.9
UppercutButtonWindowSeconds,0.6
UppercutDamage,36
UppercutAttackSeconds,0.45
UppercutCooldownSeconds,0.7
UppercutHitDelaySeconds,0.1
UppercutReach,1.8
